id,documentsSalaryOfInternalEmployee,grossMonthlySalary,employerSocialContribution,payslipCalendarYearMonth
payslip1,Employee1,4500.0,1892.81,2022-01
payslip2,Employee1,4500.0,1892.81,2022-02
payslip3,Employee1,4500.0,1892.81,2022-03
payslip4,Employee1,4500.0,1892.81,2022-04
payslip5,Employee1,4500.0,1892.81,2022-05
payslip6,Employee1,4500.0,2008.55,2022-06
payslip7,Employee1,4500.0,589.1,2022-07
payslip8,Employee1,4500.0,2373.12,2022-08
payslip9,Employee1,4500.0,1806.12,2022-09
payslip10,Employee1,4500.0,1806.12,2022-10
payslip11,Employee1,4500.0,1806.12,2022-11
payslip12,Employee1,4500.0,1806.12,2022-12
payslip13,Employee2,0.0,0.0,2022-01
payslip14,Employee2,0.0,0.0,2022-02
payslip15,Employee2,0.0,0.0,2022-03
payslip16,Employee2,0.0,0.0,2022-04
payslip17,Employee2,0.0,0.0,2022-05
payslip18,Employee2,0.0,0.0,2022-06
payslip19,Employee2,2408.28,847.29,2022-07
payslip20,Employee2,2953.66,1084.69,2022-08
payslip21,Employee2,2953.66,1075.26,2022-09
payslip22,Employee2,2953.66,1075.88,2022-10
payslip23,Employee2,0.0,0.0,2022-11
payslip24,Employee2,0.0,0.0,2022-12
payslip25,Employee1,4500.0,1808.99,2023-01
payslip26,Employee1,4500.0,1808.99,2023-02
payslip27,Employee1,4500.0,1808.99,2023-03
payslip28,Employee1,4500.0,1808.99,2023-04
payslip29,Employee1,4500.0,1806.06,2023-05
payslip30,Employee1,4500.0,1808.99,2023-06
payslip31,Employee1,4500.0,1806.06,2023-07
payslip32,Employee1,4500.0,1808.99,2023-08
payslip33,Employee1,4500.0,1750.71,2023-09
payslip34,Employee1,4500.0,1808.99,2023-10
payslip35,Employee1,4500.0,1750.71,2023-11
payslip36,Employee1,4500.0,1808.99,2023-12
payslip37,Employee3,0.0,0.0,2023-01
payslip38,Employee3,0.0,0.0,2023-02
payslip39,Employee3,0.0,0.0,2023-03
payslip40,Employee3,0.0,0.0,2023-04
payslip41,Employee3,993.28,607.73,2023-05
payslip42,Employee3,1340.51,882.27,2023-06
payslip43,Employee3,1327.0,874.0,2023-07
payslip44,Employee3,1308.0,861.0,2023-08
payslip45,Employee3,1297.0,881.0,2023-09
payslip46,Employee3,1301.0,856.0,2023-10
payslip47,Employee3,1308.0,861.0,2023-11
payslip48,Employee3,1296.0,880.0,2023-12
payslip49,Employee4,0.0,0.0,2023-01
payslip50,Employee4,0.0,0.0,2023-02
payslip51,Employee4,0.0,0.0,2023-03
payslip52,Employee4,0.0,0.0,2023-04
payslip53,Employee4,1746.83,321.15,2023-05
payslip54,Employee4,2308.79,424.06,2023-06
payslip55,Employee4,2308.79,424.23,2023-07
payslip56,Employee4,2360.69,469.89,2023-08
payslip57,Employee4,2308.79,423.78,2023-09
payslip58,Employee4,2308.79,425.03,2023-10
payslip59,Employee4,2098.94,385.22,2023-11
payslip60,Employee4,2030.84,376.21,2023-12
payslip61,Employee1,4500.0,1756.2,2024-01
payslip62,Employee1,3669.24,1446.01,2024-02
payslip63,Employee1,1176.96,508.25,2024-03
payslip64,Employee1,4500.0,1758.9,2024-04
payslip65,Employee1,4500.0,1814.25,2024-05
payslip66,Employee1,4500.0,1814.25,2024-06
payslip67,Employee1,4500.0,1814.25,2024-07
payslip68,Employee1,4500.0,1814.25,2024-08
payslip69,Employee1,4500.0,1814.25,2024-09
payslip70,Employee1,4500.0,1814.25,2024-10
payslip71,Employee1,4500.0,1814.25,2024-11
payslip72,Employee1,4500.0,1783.65,2024-12
payslip73,Employee3,1267.0,849.0,2024-01
payslip74,Employee3,1249.0,837.0,2024-02
payslip75,Employee3,1244.0,860.0,2024-03
payslip76,Employee3,1158.0,953.0,2024-04
payslip77,Employee3,299.0,247.0,2024-05
payslip78,Employee3,0.0,0.0,2024-06
payslip79,Employee3,0.0,0.0,2024-07
payslip80,Employee3,0.0,0.0,2024-08
payslip81,Employee3,0.0,0.0,2024-09
payslip82,Employee3,0.0,0.0,2024-10
payslip83,Employee3,0.0,0.0,2024-11
payslip84,Employee3,0.0,0.0,2024-12
payslip85,Employee4,2308.79,473.26,2024-01
payslip86,Employee4,2308.79,473.26,2024-02
payslip87,Employee4,1759.04,376.12,2024-03
payslip88,Employee4,2381.45,537.38,2024-04
payslip89,Employee4,3993.24,2864.96,2024-05
payslip90,Employee4,0.0,0.0,2024-06
payslip91,Employee4,0.0,0.0,2024-07
payslip92,Employee4,0.0,0.0,2024-08
payslip93,Employee4,0.0,0.0,2024-09
payslip94,Employee4,0.0,0.0,2024-10
payslip95,Employee4,1750.46,283.61,2024-11
payslip96,Employee4,2250.61,414.67,2024-12
payslip97,Employee1,6000.07,2352.9,2025-01
payslip98,Employee1,6000.07,2393.7,2025-02
payslip99,Employee1,6000.07,2393.7,2025-03
payslip100,Employee1,6000.07,2393.7,2025-04
payslip101,Employee1,6000.07,2396.7,2025-05
payslip102,Employee1,0.0,0.0,2025-06
payslip103,Employee1,0.0,0.0,2025-07
payslip104,Employee1,0.0,0.0,2025-08
payslip105,Employee1,0.0,0.0,2025-09
payslip106,Employee1,0.0,0.0,2025-10
payslip107,Employee1,0.0,0.0,2025-11
payslip108,Employee1,0.0,0.0,2025-12
payslip109,Employee4,2054.86,384.28,2025-01
payslip110,Employee4,2425.14,467.91,2025-02
payslip111,Employee4,2308.79,442.87,2025-03
payslip112,Employee4,2098.94,408.33,2025-04
payslip113,Employee4,2308.79,442.78,2025-05
payslip114,Employee4,0.0,0.0,2025-06
payslip115,Employee4,0.0,0.0,2025-07
payslip116,Employee4,0.0,0.0,2025-08
payslip117,Employee4,0.0,0.0,2025-09
payslip118,Employee4,0.0,0.0,2025-10
payslip119,Employee4,0.0,0.0,2025-11
payslip120,Employee4,0.0,0.0,2025-12
