id,recordsHoursOfEmployee,logsHoursForProject,logsHoursForTask,hoursWorked,timesheetCalendarDate
timesheet1,Employee1,FAIR-IMPACT,Task4_4,4.0,2022-08-01
timesheet2,Employee1,FAIR-IMPACT,Task4_4,9.0,2022-12-01
timesheet3,Employee1,FAIR-IMPACT,Task5_3,1.0,2022-12-01
timesheet4,Employee1,FAIR-IMPACT,Task6_1,2.0,2022-12-01
timesheet5,Employee1,FAIR-IMPACT,Task4_4,3.0,2022-07-01
timesheet6,Employee1,FAIR-IMPACT,Task4_4,18.0,2022-06-01
timesheet7,Employee1,FAIR-IMPACT,Task4_4,27.0,2022-11-01
timesheet8,Employee1,FAIR-IMPACT,Task5_3,4.0,2022-11-01
timesheet9,Employee1,FAIR-IMPACT,Task6_1,7.0,2022-11-01
timesheet10,Employee1,FAIR-IMPACT,Task4_4,7.0,2022-10-01
timesheet11,Employee1,FAIR-IMPACT,Task6_1,10.0,2022-10-01
timesheet12,Employee1,FAIR-IMPACT,Task4_4,15.0,2022-09-01
timesheet13,Employee1,FAIR-IMPACT,Task4_4,6.0,2023-08-01
timesheet14,Employee1,FAIR-IMPACT,Task5_3,4.0,2023-08-01
timesheet15,Employee1,FAIR-IMPACT,Task4_2,1.0,2023-04-01
timesheet16,Employee1,FAIR-IMPACT,Task4_4,27.0,2023-04-01
timesheet17,Employee1,FAIR-IMPACT,Task4_4,49.0,2023-12-01
timesheet18,Employee1,FAIR-IMPACT,Task4_2,2.0,2023-02-01
timesheet19,Employee1,FAIR-IMPACT,Task4_4,4.0,2023-02-01
timesheet20,Employee1,FAIR-IMPACT,Task4_2,2.0,2023-01-01
timesheet21,Employee1,FAIR-IMPACT,Task4_4,7.0,2023-01-01
timesheet22,Employee1,FAIR-IMPACT,Task1_1,2.0,2023-07-01
timesheet23,Employee1,FAIR-IMPACT,Task4_4,13.0,2023-07-01
timesheet24,Employee1,FAIR-IMPACT,Task4_2,3.0,2023-06-01
timesheet25,Employee1,FAIR-IMPACT,Task4_4,27.0,2023-06-01
timesheet26,Employee1,FAIR-IMPACT,Task4_2,2.0,2023-05-01
timesheet27,Employee1,FAIR-IMPACT,Task4_4,23.0,2023-05-01
timesheet28,Employee1,FAIR-IMPACT,Task4_4,31.0,2023-03-01
timesheet29,Employee1,FAIR-IMPACT,Task4_2,4.0,2023-11-01
timesheet30,Employee1,FAIR-IMPACT,Task4_4,44.0,2023-11-01
timesheet31,Employee1,FAIR-IMPACT,Task5_3,7.0,2023-11-01
timesheet32,Employee1,FAIR-IMPACT,Task6_1,5.0,2023-11-01
timesheet33,Employee1,FAIR-IMPACT,Task4_4,76.0,2023-10-01
timesheet34,Employee1,FAIR-IMPACT,Task5_3,5.0,2023-10-01
timesheet35,Employee1,FAIR-IMPACT,Task4_2,4.0,2023-09-01
timesheet36,Employee1,FAIR-IMPACT,Task4_4,21.0,2023-09-01
timesheet37,Employee1,FAIR-IMPACT,Task5_3,7.0,2023-09-01
timesheet38,Employee1,FAIR-IMPACT,Task4_4,4.0,2024-08-01
timesheet39,Employee1,FAIR-IMPACT,Task4_4,40.0,2024-04-01
timesheet40,Employee1,FAIR-IMPACT,Task5_3,12.0,2024-04-01
timesheet41,Employee1,FAIR-IMPACT,Task4_2,2.0,2024-12-01
timesheet42,Employee1,FAIR-IMPACT,Task4_4,6.0,2024-12-01
timesheet43,Employee1,FAIR-IMPACT,Task4_4,32.0,2024-02-01
timesheet44,Employee1,FAIR-IMPACT,Task4_4,63.0,2024-01-01
timesheet45,Employee1,FAIR-IMPACT,Task4_4,84.0,2024-07-01
timesheet46,Employee1,FAIR-IMPACT,Task1_1,2.0,2024-06-01
timesheet47,Employee1,FAIR-IMPACT,Task4_4,39.0,2024-06-01
timesheet48,Employee1,FAIR-IMPACT,Task4_4,28.0,2024-05-01
timesheet49,Employee1,FAIR-IMPACT,Task5_3,8.0,2024-05-01
timesheet50,Employee1,FAIR-IMPACT,Task4_4,44.0,2024-03-01
timesheet51,Employee1,FAIR-IMPACT,Task4_4,56.0,2024-11-01
timesheet52,Employee1,FAIR-IMPACT,Task4_4,67.0,2024-10-01
timesheet53,Employee1,FAIR-IMPACT,Task4_4,34.0,2024-09-01
timesheet54,Employee1,FAIR-IMPACT,Task4_4,34.0,2025-04-01
timesheet55,Employee1,FAIR-IMPACT,Task6_1,6.0,2025-04-01
timesheet56,Employee1,FAIR-IMPACT,Task4_4,53.0,2025-02-01
timesheet57,Employee1,FAIR-IMPACT,Task4_2,1.0,2025-01-01
timesheet58,Employee1,FAIR-IMPACT,Task4_4,40.0,2025-01-01
timesheet59,Employee1,FAIR-IMPACT,Task4_4,46.0,2025-05-01
timesheet60,Employee1,FAIR-IMPACT,Task6_1,11.0,2025-05-01
timesheet61,Employee1,FAIR-IMPACT,Task4_4,94.0,2025-03-01
timesheet62,Employee2,FAIR-IMPACT,Task1_1,2.0,2022-08-01
timesheet63,Employee2,FAIR-IMPACT,Task1_1,3.5,2022-07-01
timesheet64,Employee2,FAIR-IMPACT,Task1_1,1.5,2022-10-01
timesheet65,Employee2,FAIR-IMPACT,Task4_4,1.0,2022-10-01
timesheet66,Employee2,FAIR-IMPACT,Task1_1,3.0,2022-09-01
timesheet67,Employee2,FAIR-IMPACT,Task4_4,2.0,2022-09-01
timesheet68,Employee3,FAIR-IMPACT,Task4_4,11.5,2023-08-01
timesheet69,Employee3,FAIR-IMPACT,Task4_4,63.0,2023-12-01
timesheet70,Employee3,FAIR-IMPACT,Task4_4,38.0,2023-07-01
timesheet71,Employee3,FAIR-IMPACT,Task4_4,78.5,2023-06-01
timesheet72,Employee3,FAIR-IMPACT,Task4_4,56.5,2023-05-01
timesheet73,Employee3,FAIR-IMPACT,Task4_4,67.0,2023-11-01
timesheet74,Employee3,FAIR-IMPACT,Task4_4,65.5,2023-10-01
timesheet75,Employee3,FAIR-IMPACT,Task4_4,52.25,2023-09-01
timesheet76,Employee3,FAIR-IMPACT,Task4_4,127.0,2024-04-01
timesheet77,Employee3,FAIR-IMPACT,Task4_4,48.0,2024-02-01
timesheet78,Employee3,FAIR-IMPACT,Task4_4,36.0,2024-01-01
timesheet79,Employee3,FAIR-IMPACT,Task4_4,14.0,2024-05-01
timesheet80,Employee3,FAIR-IMPACT,Task4_4,96.0,2024-03-01
timesheet81,Employee4,FAIR-IMPACT,Task1_1,5.0,2023-12-01
timesheet82,Employee4,FAIR-IMPACT,Task1_1,2.0,2023-11-01
timesheet83,Employee4,FAIR-IMPACT,Task1_1,2.5,2023-10-01
timesheet84,Employee4,FAIR-IMPACT,Task1_1,1.0,2024-04-01
timesheet85,Employee4,FAIR-IMPACT,Task1_1,5.5,2024-12-01
timesheet86,Employee4,FAIR-IMPACT,Task1_1,1.0,2024-02-01
timesheet87,Employee4,FAIR-IMPACT,Task1_1,8.5,2025-04-01
timesheet88,Employee4,FAIR-IMPACT,Task1_1,10.5,2025-02-01
timesheet89,Employee4,FAIR-IMPACT,Task1_1,4.5,2025-01-01
timesheet90,Employee4,FAIR-IMPACT,Task1_1,7.5,2025-05-01
timesheet91,Employee4,FAIR-IMPACT,Task1_1,2.5,2025-03-01
timesheet92,Employee5,FAIR-IMPACT,Task4_4,18.0,2025-04-01
timesheet93,Employee5,FAIR-IMPACT,Task4_4,27.0,2025-02-01
timesheet94,Employee5,FAIR-IMPACT,Task4_4,30.0,2025-01-01
timesheet95,Employee5,FAIR-IMPACT,Task4_4,6.0,2025-05-01
timesheet96,Employee5,FAIR-IMPACT,Task4_4,22.0,2025-03-01
