id,chargedToProject,travelCountry,travelCity,travelPurpose,travelStartDate,travelEndDate
travel_All_Hands_Meeting,FAIR-IMPACT,Pays - Bas,The Hague,All Hands Meeting,2023-10-04,2023-10-06
travel_Dagstuhl_Workshop_2023,FAIR-IMPACT,Allemagne,Wadern,Dagstuhl Workshop 2023,2023-10-01,2023-10-06
travel_Dagstuhl_Workshop_2024,FAIR-IMPACT,Allemagne,Wadern,Dagstuhl Workshop 2024,2024-10-14,2024-10-18
travel_FAIRFest_Festival,FAIR-IMPACT,Pays - Bas,The Hague,FAIRFest Festival,2025-02-20,2025-02-21
travel_FOIS_2024,FAIR-IMPACT,Pays-Bas,Enschede,FOIS 2024,2024-07-15,2024-07-19
travel_KoM_Kick_-_Off_Meeting,FAIR-IMPACT,Pays - Bas,Amsterdam,KoM (Kick - Off Meeting) Fair-Impact,2022-06-27,2022-06-29
travel_Lorentz_Workshop,FAIR-IMPACT,Pays - Bas,Leiden,Lorentz Workshop,2024-01-21,2024-01-26
travel_RDA_P23,FAIR-IMPACT,Costa Rica,San José,RDA P23,2024-11-10,2024-11-16
travel_SemanticsRoche_2024,FAIR-IMPACT,Suisse,Basel,Semantics@Roche 2024,2024-05-28,2024-05-30
